--
-- PostgreSQL database dump
--

-- Dumped from database version 12.17 (Ubuntu 12.17-1.pgdg22.04+1)
-- Dumped by pg_dump version 12.17 (Ubuntu 12.17-1.pgdg22.04+1)

SET statement_timeout = 0;
SET lock_timeout = 0;
SET idle_in_transaction_session_timeout = 0;
SET client_encoding = 'UTF8';
SET standard_conforming_strings = on;
SELECT pg_catalog.set_config('search_path', '', false);
SET check_function_bodies = false;
SET xmloption = content;
SET client_min_messages = warning;
SET row_security = off;

DROP DATABASE universe;
--
-- Name: universe; Type: DATABASE; Schema: -; Owner: freecodecamp
--

CREATE DATABASE universe WITH TEMPLATE = template0 ENCODING = 'UTF8' LC_COLLATE = 'C.UTF-8' LC_CTYPE = 'C.UTF-8';


ALTER DATABASE universe OWNER TO freecodecamp;

\connect universe

SET statement_timeout = 0;
SET lock_timeout = 0;
SET idle_in_transaction_session_timeout = 0;
SET client_encoding = 'UTF8';
SET standard_conforming_strings = on;
SELECT pg_catalog.set_config('search_path', '', false);
SET check_function_bodies = false;
SET xmloption = content;
SET client_min_messages = warning;
SET row_security = off;

SET default_tablespace = '';

SET default_table_access_method = heap;

--
-- Name: galaxy; Type: TABLE; Schema: public; Owner: freecodecamp
--

CREATE TABLE public.galaxy (
    galaxy_id integer NOT NULL,
    name character varying(30) NOT NULL,
    description text,
    distance_from_earth double precision,
    diameter double precision
);


ALTER TABLE public.galaxy OWNER TO freecodecamp;

--
-- Name: galaxy_galaxy_id_seq; Type: SEQUENCE; Schema: public; Owner: freecodecamp
--

CREATE SEQUENCE public.galaxy_galaxy_id_seq
    AS integer
    START WITH 1
    INCREMENT BY 1
    NO MINVALUE
    NO MAXVALUE
    CACHE 1;


ALTER TABLE public.galaxy_galaxy_id_seq OWNER TO freecodecamp;

--
-- Name: galaxy_galaxy_id_seq; Type: SEQUENCE OWNED BY; Schema: public; Owner: freecodecamp
--

ALTER SEQUENCE public.galaxy_galaxy_id_seq OWNED BY public.galaxy.galaxy_id;


--
-- Name: moon; Type: TABLE; Schema: public; Owner: freecodecamp
--

CREATE TABLE public.moon (
    moon_id integer NOT NULL,
    name character varying(30) NOT NULL,
    planet_id integer,
    size integer,
    description character varying
);


ALTER TABLE public.moon OWNER TO freecodecamp;

--
-- Name: moon_moon_id_seq; Type: SEQUENCE; Schema: public; Owner: freecodecamp
--

CREATE SEQUENCE public.moon_moon_id_seq
    AS integer
    START WITH 1
    INCREMENT BY 1
    NO MINVALUE
    NO MAXVALUE
    CACHE 1;


ALTER TABLE public.moon_moon_id_seq OWNER TO freecodecamp;

--
-- Name: moon_moon_id_seq; Type: SEQUENCE OWNED BY; Schema: public; Owner: freecodecamp
--

ALTER SEQUENCE public.moon_moon_id_seq OWNED BY public.moon.moon_id;


--
-- Name: nebulae; Type: TABLE; Schema: public; Owner: freecodecamp
--

CREATE TABLE public.nebulae (
    nebulae_id integer NOT NULL,
    name character varying(30) NOT NULL,
    distance integer
);


ALTER TABLE public.nebulae OWNER TO freecodecamp;

--
-- Name: nebulae_nebulae_id_seq; Type: SEQUENCE; Schema: public; Owner: freecodecamp
--

CREATE SEQUENCE public.nebulae_nebulae_id_seq
    AS integer
    START WITH 1
    INCREMENT BY 1
    NO MINVALUE
    NO MAXVALUE
    CACHE 1;


ALTER TABLE public.nebulae_nebulae_id_seq OWNER TO freecodecamp;

--
-- Name: nebulae_nebulae_id_seq; Type: SEQUENCE OWNED BY; Schema: public; Owner: freecodecamp
--

ALTER SEQUENCE public.nebulae_nebulae_id_seq OWNED BY public.nebulae.nebulae_id;


--
-- Name: planet; Type: TABLE; Schema: public; Owner: freecodecamp
--

CREATE TABLE public.planet (
    planet_id integer NOT NULL,
    name character varying(30) NOT NULL,
    has_life boolean,
    is_spherical boolean,
    distance_from_earth numeric,
    number_moons integer,
    star_id integer
);


ALTER TABLE public.planet OWNER TO freecodecamp;

--
-- Name: planet_planet_id_seq; Type: SEQUENCE; Schema: public; Owner: freecodecamp
--

CREATE SEQUENCE public.planet_planet_id_seq
    AS integer
    START WITH 1
    INCREMENT BY 1
    NO MINVALUE
    NO MAXVALUE
    CACHE 1;


ALTER TABLE public.planet_planet_id_seq OWNER TO freecodecamp;

--
-- Name: planet_planet_id_seq; Type: SEQUENCE OWNED BY; Schema: public; Owner: freecodecamp
--

ALTER SEQUENCE public.planet_planet_id_seq OWNED BY public.planet.planet_id;


--
-- Name: star; Type: TABLE; Schema: public; Owner: freecodecamp
--

CREATE TABLE public.star (
    star_id integer NOT NULL,
    name character varying(30) NOT NULL,
    galaxy_id integer,
    diameter_km integer,
    temperature integer
);


ALTER TABLE public.star OWNER TO freecodecamp;

--
-- Name: star_star_id_seq; Type: SEQUENCE; Schema: public; Owner: freecodecamp
--

CREATE SEQUENCE public.star_star_id_seq
    AS integer
    START WITH 1
    INCREMENT BY 1
    NO MINVALUE
    NO MAXVALUE
    CACHE 1;


ALTER TABLE public.star_star_id_seq OWNER TO freecodecamp;

--
-- Name: star_star_id_seq; Type: SEQUENCE OWNED BY; Schema: public; Owner: freecodecamp
--

ALTER SEQUENCE public.star_star_id_seq OWNED BY public.star.star_id;


--
-- Name: galaxy galaxy_id; Type: DEFAULT; Schema: public; Owner: freecodecamp
--

ALTER TABLE ONLY public.galaxy ALTER COLUMN galaxy_id SET DEFAULT nextval('public.galaxy_galaxy_id_seq'::regclass);


--
-- Name: moon moon_id; Type: DEFAULT; Schema: public; Owner: freecodecamp
--

ALTER TABLE ONLY public.moon ALTER COLUMN moon_id SET DEFAULT nextval('public.moon_moon_id_seq'::regclass);


--
-- Name: nebulae nebulae_id; Type: DEFAULT; Schema: public; Owner: freecodecamp
--

ALTER TABLE ONLY public.nebulae ALTER COLUMN nebulae_id SET DEFAULT nextval('public.nebulae_nebulae_id_seq'::regclass);


--
-- Name: planet planet_id; Type: DEFAULT; Schema: public; Owner: freecodecamp
--

ALTER TABLE ONLY public.planet ALTER COLUMN planet_id SET DEFAULT nextval('public.planet_planet_id_seq'::regclass);


--
-- Name: star star_id; Type: DEFAULT; Schema: public; Owner: freecodecamp
--

ALTER TABLE ONLY public.star ALTER COLUMN star_id SET DEFAULT nextval('public.star_star_id_seq'::regclass);


--
-- Data for Name: galaxy; Type: TABLE DATA; Schema: public; Owner: freecodecamp
--

INSERT INTO public.galaxy VALUES (1, 'Milky Way', 'Home galaxy of Earth', 0.0265, 87400);
INSERT INTO public.galaxy VALUES (2, 'Andromeda', 'Largest Galaxy...', 2.538, 152000);
INSERT INTO public.galaxy VALUES (3, 'Triangulum Galaxy', 'Most distance...', 2.73, 61100);
INSERT INTO public.galaxy VALUES (4, 'Sextans B', 'One of the smallest...', 4.47, 6000);
INSERT INTO public.galaxy VALUES (5, 'Dwingleoo 1', ' ', 9.1, 35000);
INSERT INTO public.galaxy VALUES (6, 'Maffei 1', '', 9.8, 55000);
INSERT INTO public.galaxy VALUES (7, 'Messier 81', 'Brightest galaxy...', 11.74, 90000);


--
-- Data for Name: moon; Type: TABLE DATA; Schema: public; Owner: freecodecamp
--

INSERT INTO public.moon VALUES (1, 'IO', 2, NULL, NULL);
INSERT INTO public.moon VALUES (2, 'Europa', 2, NULL, NULL);
INSERT INTO public.moon VALUES (3, 'Ganymede', 2, NULL, NULL);
INSERT INTO public.moon VALUES (4, 'Callisto', 2, NULL, NULL);
INSERT INTO public.moon VALUES (5, 'Titan', 3, NULL, NULL);
INSERT INTO public.moon VALUES (6, 'Rhea', 3, NULL, NULL);
INSERT INTO public.moon VALUES (7, 'Hyperion', 3, NULL, NULL);
INSERT INTO public.moon VALUES (8, 'Mimas', 3, NULL, NULL);
INSERT INTO public.moon VALUES (9, 'Enceladus', 3, NULL, NULL);
INSERT INTO public.moon VALUES (10, 'Tethys', 3, NULL, NULL);
INSERT INTO public.moon VALUES (11, 'Dione', 3, NULL, NULL);
INSERT INTO public.moon VALUES (12, 'Iapetus', 3, NULL, NULL);
INSERT INTO public.moon VALUES (13, 'Phoebe', 3, NULL, NULL);
INSERT INTO public.moon VALUES (14, 'Titanius', 11, NULL, NULL);
INSERT INTO public.moon VALUES (15, 'Oberon', 11, NULL, NULL);
INSERT INTO public.moon VALUES (16, 'Miranda', 11, NULL, NULL);
INSERT INTO public.moon VALUES (17, 'Ariel', 11, NULL, NULL);
INSERT INTO public.moon VALUES (18, 'Umbriel', 11, NULL, NULL);
INSERT INTO public.moon VALUES (19, 'Fobos', 4, NULL, NULL);
INSERT INTO public.moon VALUES (20, 'Deimos', 4, NULL, NULL);


--
-- Data for Name: nebulae; Type: TABLE DATA; Schema: public; Owner: freecodecamp
--

INSERT INTO public.nebulae VALUES (1, 'Dumbbell', NULL);
INSERT INTO public.nebulae VALUES (2, 'Mariposa', NULL);
INSERT INTO public.nebulae VALUES (3, 'Hélice', NULL);


--
-- Data for Name: planet; Type: TABLE DATA; Schema: public; Owner: freecodecamp
--

INSERT INTO public.planet VALUES (1, 'Earth', NULL, NULL, NULL, 1, 1);
INSERT INTO public.planet VALUES (2, 'Jupiter', NULL, NULL, NULL, 95, 1);
INSERT INTO public.planet VALUES (3, 'Saturn', NULL, NULL, NULL, 146, 1);
INSERT INTO public.planet VALUES (5, 'PA-99-N2', NULL, NULL, NULL, NULL, 2);
INSERT INTO public.planet VALUES (6, 'HD 7924 b', NULL, NULL, NULL, NULL, 5);
INSERT INTO public.planet VALUES (7, 'HD 17156 b', NULL, NULL, NULL, NULL, 5);
INSERT INTO public.planet VALUES (8, 'Mercury', NULL, NULL, NULL, NULL, 1);
INSERT INTO public.planet VALUES (9, 'Venus', NULL, NULL, NULL, NULL, 1);
INSERT INTO public.planet VALUES (10, 'Neptune', NULL, NULL, NULL, NULL, 1);
INSERT INTO public.planet VALUES (11, 'Uranus', NULL, NULL, NULL, 27, 1);
INSERT INTO public.planet VALUES (12, 'PLUTO', NULL, NULL, NULL, NULL, 1);
INSERT INTO public.planet VALUES (4, 'Mars', NULL, NULL, NULL, 2, 1);


--
-- Data for Name: star; Type: TABLE DATA; Schema: public; Owner: freecodecamp
--

INSERT INTO public.star VALUES (1, 'Sun', 1, 1391016, 5505);
INSERT INTO public.star VALUES (2, 'Antares', 1, NULL, 3600);
INSERT INTO public.star VALUES (3, 'Betelgeuse', 1, 1642000000, 3500);
INSERT INTO public.star VALUES (4, 'KW Sagittarii', 1, NULL, 3700);
INSERT INTO public.star VALUES (5, 'Alpheratz', 2, NULL, 13800);
INSERT INTO public.star VALUES (6, 'Mirach', 2, NULL, 33800);


--
-- Name: galaxy_galaxy_id_seq; Type: SEQUENCE SET; Schema: public; Owner: freecodecamp
--

SELECT pg_catalog.setval('public.galaxy_galaxy_id_seq', 7, true);


--
-- Name: moon_moon_id_seq; Type: SEQUENCE SET; Schema: public; Owner: freecodecamp
--

SELECT pg_catalog.setval('public.moon_moon_id_seq', 20, true);


--
-- Name: nebulae_nebulae_id_seq; Type: SEQUENCE SET; Schema: public; Owner: freecodecamp
--

SELECT pg_catalog.setval('public.nebulae_nebulae_id_seq', 3, true);


--
-- Name: planet_planet_id_seq; Type: SEQUENCE SET; Schema: public; Owner: freecodecamp
--

SELECT pg_catalog.setval('public.planet_planet_id_seq', 12, true);


--
-- Name: star_star_id_seq; Type: SEQUENCE SET; Schema: public; Owner: freecodecamp
--

SELECT pg_catalog.setval('public.star_star_id_seq', 6, true);


--
-- Name: galaxy galaxy_name_key; Type: CONSTRAINT; Schema: public; Owner: freecodecamp
--

ALTER TABLE ONLY public.galaxy
    ADD CONSTRAINT galaxy_name_key UNIQUE (name);


--
-- Name: galaxy galaxy_pkey; Type: CONSTRAINT; Schema: public; Owner: freecodecamp
--

ALTER TABLE ONLY public.galaxy
    ADD CONSTRAINT galaxy_pkey PRIMARY KEY (galaxy_id);


--
-- Name: moon moon_name_key; Type: CONSTRAINT; Schema: public; Owner: freecodecamp
--

ALTER TABLE ONLY public.moon
    ADD CONSTRAINT moon_name_key UNIQUE (name);


--
-- Name: moon moon_pkey; Type: CONSTRAINT; Schema: public; Owner: freecodecamp
--

ALTER TABLE ONLY public.moon
    ADD CONSTRAINT moon_pkey PRIMARY KEY (moon_id);


--
-- Name: nebulae nebulae_name_key; Type: CONSTRAINT; Schema: public; Owner: freecodecamp
--

ALTER TABLE ONLY public.nebulae
    ADD CONSTRAINT nebulae_name_key UNIQUE (name);


--
-- Name: nebulae nebulae_pkey; Type: CONSTRAINT; Schema: public; Owner: freecodecamp
--

ALTER TABLE ONLY public.nebulae
    ADD CONSTRAINT nebulae_pkey PRIMARY KEY (nebulae_id);


--
-- Name: planet planet_name_key; Type: CONSTRAINT; Schema: public; Owner: freecodecamp
--

ALTER TABLE ONLY public.planet
    ADD CONSTRAINT planet_name_key UNIQUE (name);


--
-- Name: planet planet_pkey; Type: CONSTRAINT; Schema: public; Owner: freecodecamp
--

ALTER TABLE ONLY public.planet
    ADD CONSTRAINT planet_pkey PRIMARY KEY (planet_id);


--
-- Name: star star_name_key; Type: CONSTRAINT; Schema: public; Owner: freecodecamp
--

ALTER TABLE ONLY public.star
    ADD CONSTRAINT star_name_key UNIQUE (name);


--
-- Name: star star_pkey; Type: CONSTRAINT; Schema: public; Owner: freecodecamp
--

ALTER TABLE ONLY public.star
    ADD CONSTRAINT star_pkey PRIMARY KEY (star_id);


--
-- Name: star fk_galaxy; Type: FK CONSTRAINT; Schema: public; Owner: freecodecamp
--

ALTER TABLE ONLY public.star
    ADD CONSTRAINT fk_galaxy FOREIGN KEY (galaxy_id) REFERENCES public.galaxy(galaxy_id);


--
-- Name: moon fk_planet; Type: FK CONSTRAINT; Schema: public; Owner: freecodecamp
--

ALTER TABLE ONLY public.moon
    ADD CONSTRAINT fk_planet FOREIGN KEY (planet_id) REFERENCES public.planet(planet_id);


--
-- Name: planet fk_star; Type: FK CONSTRAINT; Schema: public; Owner: freecodecamp
--

ALTER TABLE ONLY public.planet
    ADD CONSTRAINT fk_star FOREIGN KEY (star_id) REFERENCES public.star(star_id);


--
-- PostgreSQL database dump complete
--
